<?xml version="1.0"?>
<metadata>
	<idinfo>
		<citation>
			<citeinfo>
				<origin>Metro Data Resource Center</origin>
				<pubdate>201008</pubdate>
				<title>Trails</title>
			</citeinfo>
		</citation>
		<descript>
			<abstract>Regional Trails data set created by combining 31 different data sets and verified with orthophotography where applicable.</abstract>
			<purpose>Regional Trails to be published quarterly for RLIS Lite and provide trail information for various needs.  This data set was created specifically for off-road trails and paths, though there are some regional connections that are on-street.</purpose>
			<supplinf><![CDATA[The schema was created by following the National Recreation & Park Association (NRPA) GIS Model for trails to set a standard among data providers.]]></supplinf>
		</descript>
		<timeperd>
			<timeinfo>
				<sngdate>
					<caldate>20140728</caldate>
				</sngdate>
			</timeinfo>
			<current>Ground condition</current>
		</timeperd>
		<status>
			<progress>Complete</progress>
			<update>Continually</update>
		</status>
		<spdom>
			<bounding>
				<westbc>-123.785577699</westbc>
				<eastbc>-121.440498206</eastbc>
				<northbc>46.3880499964</northbc>
				<southbc>44.6838701483</southbc>
			</bounding>
		</spdom>
		<keywords>
			<theme>
				<themekt>None</themekt>
				<themekey>Trails</themekey>
				<themekey>Pathways</themekey>
				<themekey>Paths</themekey>
				<themekey>Pedestrian</themekey>
				<themekey>Walkways</themekey>
			</theme>
			<place>
				<placekt>None</placekt>
				<placekey>Portland</placekey>
				<placekey>Multnomah County</placekey>
				<placekey>Washington County</placekey>
				<placekey>Clackamas County</placekey>
				<placekey>Oregon</placekey>
			</place>
		</keywords>
		<accconst>None</accconst>
		<useconst>This database and GIS data are made available under the Open Database License (ODbL v1) and Database Content License (DbCL v1). See http://www.oregongmetro.gov/rlis-live.</useconst>
    <browse>
        <browsen>http://library.oregonmetro.gov/rlisdiscovery/browse_graphic/trails.png</browsen>
        <browsed></browsed>
        <browset>PNG</browset>
    </browse>
	</idinfo>
	<dataqual>
		<logic></logic>
		<complete></complete>
		<posacc>
			<horizpa>
				<horizpar>Registered to tax lots. Street center lines were digitized from aerial orthophotography at +/- 10 feet accuracy. Tax lots were fit to the street centerlines. Beaverton, Oregon City and Tigard planning areas were improved to +/- 5 feet accuracy. Multnomah County was created with coordinate geometry using better control.</horizpar>
			</horizpa>
		</posacc>
		<lineage>
			<procstep>
				<procdesc>Existing Trails:  31 Data sources provided a base to begin verifying alignment with aerial orthophotography.  Attribute data was populated from these source layers.  Where there was no attribute data provided, there was thorough research conducted to try and populate the records.  Unknown values were used when there was no other information available.</procdesc>
				<procdate>20100801</procdate>
			</procstep>
			<procstep>
				<procdesc>Future Trails Added:  The old RLIS regional planned trails data was incorporated into the new NRPA GIS database.  Now all of the trails are maintained in the same database.</procdesc>
				<procdate>20110201</procdate>
			</procstep>
		</lineage>
	</dataqual>
	<spdoinfo>
		<direct>Vector</direct>
		<ptvctinf>
			<sdtsterm>
				<sdtstype>Line</sdtstype>
			</sdtsterm>
		</ptvctinf>
	</spdoinfo>
	<spref>
		<horizsys>
			<planar>
				<gridsys>
					<gridsysn>NAD_1983_HARN_StatePlane_Oregon_North_FIPS_3601</gridsysn>
					<spcs>
						<spcszone>5076</spcszone>
					</spcs>
				</gridsys>
				<planci>
					<plance></plance>
					<plandu>International foot</plandu>
				</planci>
			</planar>
			<geodetic>
				<horizdn>D_North_American_1983_HARN</horizdn>
				<ellips></ellips>
				<semiaxis></semiaxis>
				<denflat></denflat>
			</geodetic>
		</horizsys>
	</spref>
	<eainfo>
		<detailed>
			<enttyp>
				<enttypl>Trails.dbf</enttypl>
				<enttypd>Attributes and descriptions associated with trails</enttypd>
				<enttypds></enttypds>
			</enttyp>
			<attr>
				<attrlabl>TrailID</attrlabl>
				<attrdef>Trail ID - Identification system to be created by Metro that will allow for linking to other GIS tables or related databases</attrdef>
				<attrdefs></attrdefs>
				<attrdomv>
					<udom>NA</udom>
				</attrdomv>
			</attr>
			<attr>
				<attrlabl>TrailName</attrlabl>
				<attrdef>Trail Name - Proper name of the trail or trail segment. No abbreviations. Access, connector, and spur trail names should use the same name as the main trail, appended with the appropriate suffix, e.g., Springwater Corridor - connector. Adjacent street names may be used for trail segments in road rights-of-way.</attrdef>
				<attrdefs></attrdefs>
				<attrdomv>
					<udom>NA</udom>
				</attrdomv>
			</attr>
			<attr>
				<attrlabl>SystemName</attrlabl>
				<attrdef>Trail System Name - Name of regional trail, major trail system, or park the trail or segment is a part of, e.g., Fanno Creek Greenway, Mountain Park Homeowners Association Trails, Forest Park.</attrdef>
				<attrdefs></attrdefs>
				<attrdomv>
					<udom>NA</udom>
				</attrdomv>
			</attr>
			<attr>
				<attrlabl>SharedName</attrlabl>
				<attrdef>Shared Name - Other name that the trail or trail segment is know by when the trail/segment is part of more than one route</attrdef>
				<attrdefs></attrdefs>
				<attrdomv>
					<udom>NA</udom>
				</attrdomv>
			</attr>
			<attr>
				<attrlabl>SystemType</attrlabl>
				<attrdef>Functional Class - Hierarchical classification by purpose and function. This represents a departure from classifying facilities by design. This functional classification hierarchy is analogous to a roadway classification system (interstate highways, arterials, collectors, local streets).</attrdef>
				<attrdefs></attrdefs>
				<attrdomv>
					<edom>
						<edomv>Community</edomv>
						<edomvd>Also known as Community Connector Trails, these are typically much longer than Local trails though not as long as Regional trails. Community Trails link important land uses and areas of interest within a single jurisdiction. Examples are Tigard's Pathfinder-Genesis Trail, Portland's Columbia Blvd Trail, or Gresham's Butler Creek Greenway.</edomvd>
						<edomvds></edomvds>
					</edom>
					<edom>
						<edomv>Local</edomv>
						<edomvd>Sometimes called Local Access Trails or Neighborhood Trails, these provide connections to local features such as parks, community centers, and schools, and include most paths within parks, natural areas, planned developments, and campuses, as well as public stairways, alleys, and narrow ROWs.</edomvd>
						<edomvds></edomvds>
					</edom>
					<edom>
						<edomv>National</edomv>
						<edomvd>Inter-state trails, e.g. Pacific Crest Trail or Columbia River Water Trail.</edomvd>
						<edomvds></edomvds>
					</edom>
					<edom>
						<edomv>Other</edomv>
						<edomvd>The Other value is reserved primarily for GIS trail features that don't necessarily exist on the ground but serve to connect trail segments to the GIS routable streets network.</edomvd>
						<edomvds></edomvds>
					</edom>
					<edom>
						<edomv>Regional</edomv>
						<edomvd>Regional trails tend to be multi-jurisdictional, exceptionally long, and connect to regionally significant features such as Forest Park or the Tualatin River. Examples are the Gresham-Fairview Trail, Hillsdale to Lake Oswego Trail, or the Wildwood Trail.</edomvd>
						<edomvds></edomvds>
					</edom>
					<edom>
						<edomv>State</edomv>
						<edomvd>Also known as Inter-regional Trails, State trails connect to destinations outside the region, e.g., Banks-Vernonia Trail or Willamette River Water Trail.</edomvd>
						<edomvds></edomvds>
					</edom>
					<edom>
						<edomv>Unknown</edomv>
						<edomvd>Unknown</edomvd>
						<edomvds></edomvds>
					</edom>
					<udom>NA</udom>
				</attrdomv>
			</attr>
			<attr>
				<attrlabl>CityMuni</attrlabl>
				<attrdef>City or Municipality - City or municipality that contains the trail, or trail segment, or main access point; Use proper city name or town; for long trails indicate the city/town near primary trail or trail segment access point; If trail segment occurs outside any city limits, then use Unincorporated</attrdef>
				<attrdefs></attrdefs>
				<attrdomv>
					<udom>NA</udom>
				</attrdomv>
			</attr>
			<attr>
				<attrlabl>County</attrlabl>
				<attrdef>County - County where the majority of the trail or trail segment physically resides. Use proper county or parish name.</attrdef>
				<attrdefs></attrdefs>
				<attrdomv>
					<udom>NA</udom>
				</attrdomv>
			</attr>
			<attr>
				<attrlabl>State</attrlabl>
				<attrdef>State - State or territory where the trail or trail segment exists. Use two character US postal code.</attrdef>
				<attrdefs></attrdefs>
				<attrdomv>
					<udom>NA</udom>
				</attrdomv>
			</attr>
			<attr>
				<attrlabl>Status</attrlabl>
				<attrdef>Status - Current physical state of the trail</attrdef>
				<attrdefs></attrdefs>
				<attrdomv>
					<edom>
						<edomv>Conceptual</edomv>
						<edomvd>Concept level alignments of trails not yet adopted in local plans, i.e., CIP, TSP, RTP, MTIP, and/or STIP.</edomvd>
						<edomvds></edomvds>
					</edom>
					<edom>
						<edomv>Decommissioned</edomv>
						<edomvd>Trail has been removed from service</edomvd>
						<edomvds></edomvds>
					</edom>
					<edom>
						<edomv>Open</edomv>
						<edomvd>Trail is open to the public, free of charge</edomvd>
						<edomvds></edomvds>
					</edom>
					<edom>
						<edomv>Open_Fee</edomv>
						<edomvd>Trail is open to the public, access fee is charged</edomvd>
						<edomvds></edomvds>
					</edom>
					<edom>
						<edomv>Planned</edomv>
						<edomvd>Trail alignment is adopted in local plans, i.e., CIP, TSP, RTP, MTIP, and/or STIP.</edomvd>
						<edomvds></edomvds>
					</edom>
					<edom>
						<edomv>Restricted</edomv>
						<edomvd>Trail is open to the public, but access is restricted - ex by permit or reservation only</edomvd>
						<edomvds></edomvds>
					</edom>
					<edom>
						<edomv>Restricted_Private</edomv>
						<edomvd>Trail exists but is privately owned and may not be open to the public</edomvd>
						<edomvds></edomvds>
					</edom>
					<edom>
						<edomv>Unknown</edomv>
						<edomvd>Status of the trail unknown</edomvd>
						<edomvds></edomvds>
					</edom>
					<udom>NA</udom>
				</attrdomv>
			</attr>
			<attr>
				<attrlabl>Length</attrlabl>
				<attrdef>Length - Open for user to enter the length of the trail segment. Length units are in feet and are limited to two decimal places.</attrdef>
				<attrdefs></attrdefs>
				<attrdomv>
					<udom>NA</udom>
				</attrdomv>
			</attr>
			<attr>
				<attrlabl>TrlSurface</attrlabl>
				<attrdef>Trail Surface - The predominant surface type the user would expect to encounter on the trail</attrdef>
				<attrdefs></attrdefs>
				<attrdomv>
					<edom>
						<edomv>Chunk Wood</edomv>
						<edomvd>Shredded/chipped wood or bark</edomvd>
						<edomvds></edomvds>
					</edom>
					<edom>
						<edomv>Decking</edomv>
						<edomvd>Boardwalks, recycled material etc.</edomvd>
						<edomvds></edomvds>
					</edom>
					<edom>
						<edomv>Hard Surface</edomv>
						<edomvd>Asphalt, concrete or similar</edomvd>
						<edomvds></edomvds>
					</edom>
					<edom>
						<edomv>Imported Material</edomv>
						<edomvd>Imported aggregates, clay, gravel, crushed rock, shell, sand, etc</edomvd>
						<edomvds></edomvds>
					</edom>
					<edom>
						<edomv>Native</edomv>
						<edomvd>Existing earth</edomvd>
						<edomvds></edomvds>
					</edom>
					<edom>
						<edomv>Other</edomv>
						<edomvd>Other surface types including paver block, geo grid, etc</edomvd>
						<edomvds></edomvds>
					</edom>
					<edom>
						<edomv>Snow</edomv>
						<edomvd>Snow (min coverage 75% of the snow season)</edomvd>
						<edomvds></edomvds>
					</edom>
					<edom>
						<edomv>Water</edomv>
						<edomvd>Water</edomvd>
						<edomvds></edomvds>
					</edom>
					<udom>NA</udom>
				</attrdomv>
			</attr>
			<attr>
				<attrlabl>Width</attrlabl>
				<attrdef>Width - Average width range (e.g. 1-4, 5-9) of the trail or segment in feet. Do not include the trail shoulder.  Future trails have null value.</attrdef>
				<attrdefs></attrdefs>
				<attrdomv>
					<edom>
						<edomv>1-5 feet</edomv>
						<edomvd>Width of trail is 1-5 feet</edomvd>
						<edomvds></edomvds>
					</edom>
					<edom>
						<edomv>10-14 feet</edomv>
						<edomvd>Width of trail is 10-14 feet</edomvd>
						<edomvds></edomvds>
					</edom>
					<edom>
						<edomv>15+ feet</edomv>
						<edomvd>Width of trail is 15 feet or greater</edomvd>
						<edomvds></edomvds>
					</edom>
					<edom>
						<edomv>6-9 feet</edomv>
						<edomvd>Width of trail is 6-9 feet</edomvd>
						<edomvds></edomvds>
					</edom>
					<edom>
						<edomv>Unknown</edomv>
						<edomvd>Width of trail is unknown</edomvd>
						<edomvds></edomvds>
					</edom>
					<udom>NA</udom>
				</attrdomv>
			</attr>
			<attr>
				<attrlabl>Accessible</attrlabl>
				<attrdef>Accessibility Status - Accessibility guideline compliance status for trail or segment that are designed for pedestrian use</attrdef>
				<attrdefs></attrdefs>
				<attrdomv>
					<edom>
						<edomv>Accessible</edomv>
						<edomvd>Trail meets current accessibility guidelines (ADA and Access Board Interpretation/Guidelines)</edomvd>
						<edomvds></edomvds>
					</edom>
					<edom>
						<edomv>Ineligible</edomv>
						<edomvd>Trail determined ineligible to meet current trail accessibility guidelines</edomvd>
						<edomvds></edomvds>
					</edom>
					<edom>
						<edomv>Not Accessible</edomv>
						<edomvd>Trail does not meet accessibility guidelines</edomvd>
						<edomvds></edomvds>
					</edom>
					<edom>
						<edomv>Not Evaluated</edomv>
						<edomvd>Trail not evaluated for accessibility</edomvd>
						<edomvds></edomvds>
					</edom>
					<udom>NA</udom>
				</attrdomv>
			</attr>
			<attr>
				<attrlabl>Hike</attrlabl>
				<attrdef>Mode: Pedestrian - Hiking, walking, running modes of travel are permitted and appropriate considering the design, character and management of the trail segment</attrdef>
				<attrdefs></attrdefs>
				<attrdomv>
					<edom>
						<edomv>N/A</edomv>
						<edomvd>Not designed for pedestrian use</edomvd>
						<edomvds></edomvds>
					</edom>
					<edom>
						<edomv>No</edomv>
						<edomvd>Not permitted</edomvd>
						<edomvds></edomvds>
					</edom>
					<edom>
						<edomv>Yes</edomv>
						<edomvd>Permitted</edomvd>
						<edomvds></edomvds>
					</edom>
					<udom>NA</udom>
				</attrdomv>
			</attr>
			<attr>
				<attrlabl>RoadBike</attrlabl>
				<attrdef>Mode: Road Bike - Bicycling modes of travel are permitted and appropriate considering the design, character and management of the trail segment. (Could include electric bike or Segway type transport)</attrdef>
				<attrdefs></attrdefs>
				<attrdomv>
					<edom>
						<edomv>N/A</edomv>
						<edomvd>Not designed for road bikes, i.e., not paved.</edomvd>
						<edomvds></edomvds>
					</edom>
					<edom>
						<edomv>No</edomv>
						<edomvd>Not permitted</edomvd>
						<edomvds></edomvds>
					</edom>
					<edom>
						<edomv>Yes</edomv>
						<edomvd>Permitted</edomvd>
						<edomvds></edomvds>
					</edom>
					<udom>NA</udom>
				</attrdomv>
			</attr>
			<attr>
				<attrlabl>MtnBike</attrlabl>
				<attrdef>Mode: Mountain Bike - Mountain bicycle modes of travel are permitted and appropriate considering the design, character and management of the trail segment</attrdef>
				<attrdefs></attrdefs>
				<attrdomv>
					<edom>
						<edomv>N/A</edomv>
						<edomvd>Not designed for mountain bikes, i.e., paved.</edomvd>
						<edomvds></edomvds>
					</edom>
					<edom>
						<edomv>No</edomv>
						<edomvd>Not permitted</edomvd>
						<edomvds></edomvds>
					</edom>
					<edom>
						<edomv>Yes</edomv>
						<edomvd>Permitted</edomvd>
						<edomvds></edomvds>
					</edom>
					<udom>NA</udom>
				</attrdomv>
			</attr>
			<attr>
				<attrlabl>Equestrian</attrlabl>
				<attrdef><![CDATA[Mode: Equestrian - Equestrian, pack & saddle modes of travel are permitted and appropriate considering the design, character and management of the trail segment]]></attrdef>
				<attrdefs></attrdefs>
				<attrdomv>
					<edom>
						<edomv>N/A</edomv>
						<edomvd>Not designed for horses, i.e., paved and/or too narrow.</edomvd>
						<edomvds></edomvds>
					</edom>
					<edom>
						<edomv>No</edomv>
						<edomvd>Not permitted</edomvd>
						<edomvds></edomvds>
					</edom>
					<edom>
						<edomv>Yes</edomv>
						<edomvd>Permitted</edomvd>
						<edomvds></edomvds>
					</edom>
					<udom>NA</udom>
				</attrdomv>
			</attr>
			<attr>
				<attrlabl>WCraft_Non</attrlabl>
				<attrdef>Mode: Motorized Watercraft - Non-motorized watercraft are permitted and appropriate considering the design, character and management of the trail segment</attrdef>
				<attrdefs></attrdefs>
				<attrdomv>
					<edom>
						<edomv>N/A</edomv>
						<edomvd>Not water</edomvd>
						<edomvds></edomvds>
					</edom>
					<edom>
						<edomv>No</edomv>
						<edomvd>Not permitted</edomvd>
						<edomvds></edomvds>
					</edom>
					<edom>
						<edomv>Yes</edomv>
						<edomvd>Permitted</edomvd>
						<edomvds></edomvds>
					</edom>
					<udom>NA</udom>
				</attrdomv>
			</attr>
			<attr>
				<attrlabl>OnStrBike</attrlabl>
				<attrdef>On Street Bike - Designated route or portion of street for bike usage. Bikes in bike lanes or shared roadway.</attrdef>
				<attrdefs></attrdefs>
				<attrdomv>
					<edom>
						<edomv>N/A</edomv>
						<edomvd>Mode: Road Bike equals N/A or No. Includes segments that are not designed for or do not allow bikes.</edomvd>
						<edomvds></edomvds>
					</edom>
					<edom>
						<edomv>No</edomv>
						<edomvd>Bikes use a separated facility, either within road right of way, or in separate right of way. This includes two-way paths at least 8 feet wide running parallel to streets in the same right of way, a.k.a., sidepaths. Separation between bikes and car travel lanes should include grade separation, such as curbs, and a planting strip.</edomvd>
						<edomvds></edomvds>
					</edom>
					<edom>
						<edomv>Yes</edomv>
						<edomvd>Bikes share the street or road with cars. Not limited to public right-of-way. This could include several facility types, including bike lanes, bike boulevards, shared roadways, sharrows, signed connections, or cycletracks. Does not include sidewalks or sidepaths that are shared with pedestrians.</edomvd>
						<edomvds></edomvds>
					</edom>
					<udom>NA</udom>
				</attrdomv>
			</attr>
			<attr>
				<attrlabl>AgencyName</attrlabl>
				<attrdef>Managing Agency - Organization with legal right to control or regulate the access to and use of the trail</attrdef>
				<attrdefs></attrdefs>
				<attrdomv>
					<udom>NA</udom>
				</attrdomv>
			</attr>
			<attr>
				<attrlabl>AgencyType</attrlabl>
				<attrdef>Agency Type - Type of managing organization</attrdef>
				<attrdefs></attrdefs>
				<attrdomv>
					<edom>
						<edomv>County</edomv>
						<edomvd>Managed by county government or agency</edomvd>
						<edomvds></edomvds>
					</edom>
					<edom>
						<edomv>Federal</edomv>
						<edomvd>Managed by federal government or agency</edomvd>
						<edomvds></edomvds>
					</edom>
					<edom>
						<edomv>Municipal</edomv>
						<edomvd>Managed by municipal government or agency</edomvd>
						<edomvds></edomvds>
					</edom>
					<edom>
						<edomv>Park District</edomv>
						<edomvd>Managed by a special park district, e.g., THPRD</edomvd>
						<edomvds></edomvds>
					</edom>
					<edom>
						<edomv>Park District</edomv>
						<edomvd>Managed by a special park district, e.g., THPRD</edomvd>
						<edomvds></edomvds>
					</edom>
					<edom>
						<edomv>Private - HOA</edomv>
						<edomvd>Managed by a private home owner association</edomvd>
						<edomvds></edomvds>
					</edom>
					<edom>
						<edomv>Private - NP</edomv>
						<edomvd>Trail managed by private non-profit organization, for example a land trust, conservancy, etc</edomvd>
						<edomvds></edomvds>
					</edom>
					<edom>
						<edomv>Private - other</edomv>
						<edomvd>Managed by a private individual, business or commercial entity</edomvd>
						<edomvds></edomvds>
					</edom>
					<edom>
						<edomv>School District</edomv>
						<edomvd>Managed by a school district</edomvd>
						<edomvds></edomvds>
					</edom>
					<edom>
						<edomv>Special District</edomv>
						<edomvd>Managed by a special district government, e.g., Metro, Clean Water Services</edomvd>
						<edomvds></edomvds>
					</edom>
					<edom>
						<edomv>State</edomv>
						<edomvd>Managed by state government or agency</edomvd>
						<edomvds></edomvds>
					</edom>
					<edom>
						<edomv>Unknown</edomv>
						<edomvd>Managing agency unknown</edomvd>
						<edomvds></edomvds>
					</edom>
					<udom>NA</udom>
				</attrdomv>
			</attr>
		</detailed>
		<detailed>
			<enttyp>
				<enttypl>Trails.dbf</enttypl>
				<enttypd>Attributes and descriptions associated with trails</enttypd>
				<enttypds></enttypds>
			</enttyp>
			<attr>
				<attrlabl>DataSource</attrlabl>
				<attrdef>Non-RLIS - Source where the data layer originated</attrdef>
				<attrdefs></attrdefs>
				<attrdomv>
					<udom>NA</udom>
				</attrdomv>
			</attr>
			<attr>
				<attrlabl>ParkTrail</attrlabl>
				<attrdef>Non-RLIS - Park Trail - Trails/paths internal to parks or natural areas usually for visitor circulation or experience</attrdef>
				<attrdefs></attrdefs>
				<attrdomv>
					<edom>
						<edomv>No</edomv>
						<edomvd>Trail is not within a park or natural area. Typically, this includes trails in public right-of-way, trails on campuses, trails in planned developments, and trails along corridors, such as rail-trails, levee trails, freeway trails, etc.</edomvd>
						<edomvds></edomvds>
					</edom>
					<edom>
						<edomv>Yes</edomv>
						<edomvd>Part of an internal trail system within a public or private park or natural area. Does not include linear trail corridors that are outside a park or natural area, even if the trail is managed by a park agency.</edomvd>
						<edomvds></edomvds>
					</edom>
					<udom>NA</udom>
				</attrdomv>
			</attr>
			<attr>
				<attrlabl>Bike Network</attrlabl>
				<attrdef>Used for querying trails segments for bike network</attrdef>
				<attrdefs></attrdefs>
				<attrdomv>
					<edom>
						<edomv>No</edomv>
						<edomvd>Do not include segment in bike network</edomvd>
						<edomvds></edomvds>
					</edom>
					<edom>
						<edomv>No exception</edomv>
						<edomvd>Do not include segment in bike network, even if the segment has all other flags consistent from standard to include query</edomvd>
						<edomvds></edomvds>
					</edom>
					<edom>
						<edomv>Yes</edomv>
						<edomvd>Include segment in bike network</edomvd>
						<edomvds></edomvds>
					</edom>
					<edom>
						<edomv>Yes exception</edomv>
						<edomvd>Include segment in bike network, even if the segment has other flags inconsistent from standard to include query</edomvd>
						<edomvds></edomvds>
					</edom>
					<udom>NA</udom>
				</attrdomv>
			</attr>
			<attr>
				<attrlabl>YearOpen</attrlabl>
				<attrdef>Non-RLIS - Year Opened - Year the trail was made available for public use (YYYY)</attrdef>
				<attrdefs></attrdefs>
				<attrdomv>
					<udom>NA</udom>
				</attrdomv>
			</attr>
			<attr>
				<attrlabl>Rating</attrlabl>
				<attrdef>Non-RLIS - Difficulty Rating - Relative difficulty rating of the trail or trail segment</attrdef>
				<attrdefs></attrdefs>
				<attrdomv>
					<edom>
						<edomv>Easiest</edomv>
						<edomvd>A trail requiring limited skill with little challenge to travel - mostly level; adequate width; minor crossings, well marked</edomvd>
						<edomvds></edomvds>
					</edom>
					<edom>
						<edomv>More Difficult</edomv>
						<edomvd>A trail requiring some skill and challenge to travel. Minor ascent/descent; narrow passages; heights; natural crossings; length</edomvd>
						<edomvds></edomvds>
					</edom>
					<edom>
						<edomv>Most Difficult</edomv>
						<edomvd>A trail requiring a high degree of skill and challenge to travel. Significant ascent/descents; scrambling crossings; some bouldering, extensive length from trail head to trail access</edomvd>
						<edomvds></edomvds>
					</edom>
					<edom>
						<edomv>Special/Technical Capability</edomv>
						<edomvd>Rapids above level 2 for canoes or 3 for Kayaks, climbing gear, cold weather gear suggested</edomvd>
						<edomvds></edomvds>
					</edom>
					<edom>
						<edomv>Varies</edomv>
						<edomvd>Difficulty depends on environmental conditions, floods, ice, snow etc.</edomvd>
						<edomvds></edomvds>
					</edom>
					<udom>NA</udom>
				</attrdomv>
			</attr>
		</detailed>
	</eainfo>
	<distinfo>
		<distrib>
			<cntinfo>
				<cntorgp>
					<cntorg>Metro Data Resource Center</cntorg>
				</cntorgp>
				<cntaddr>
					<addrtype></addrtype>
					<address>600 NE Grand Ave.</address>
					<city>Portland</city>
					<state>OR</state>
					<postal>97232</postal>
				</cntaddr>
				<cntvoice>503 797-1742</cntvoice>
				<cntfax>503 797-1909</cntfax>
				<cntemail>drc@oregonmetro.gov</cntemail>
			</cntinfo>
		</distrib>
		<distliab>The information in this file was derived from digital databases on Metro's GIS. Care was taken in the creation of this file. Metro cannot accept any responsibility for errors, omissions, or positional accuracy. There are no warranties, expressed or implied.</distliab>
		<stdorder>
			<digform>
				<digtinfo>
					<formname>Shapefile</formname>
					<transize>5.5 mb</transize>
				</digtinfo>
				<digtopt>
					<offoptn>
						<offmedia>DVD or CD-ROM</offmedia>
						<recfmt>ISO9660</recfmt>
					</offoptn>
					<onlinopt>
						<computer>
							<networka>
								<networkr>http://www.oregonmetro.gov/rlisdiscovery</networkr>
							</networka>
						</computer>
						<accinstr>Email drc@oregonmetro.gov or call 503-797-1742 for further instructions.</accinstr>
					</onlinopt>
				</digtopt>
			</digform>
			<fees>No cost</fees>
		</stdorder>
	</distinfo>
	<metainfo>
		<metd>20140728</metd>
		<metc>
			<cntinfo>
				<cntorgp>
					<cntorg>Metro Data Resource Center</cntorg>
					<cntper>Max Woodbury</cntper>
				</cntorgp>
				<cntaddr>
					<addrtype>mailing and physical address</addrtype>
					<address>600 NE Grand Ave.</address>
					<city>Portland</city>
					<state>OR</state>
					<postal>97232</postal>
				</cntaddr>
				<cntvoice>503-797-1563</cntvoice>
				<cntfax>503-797-1909</cntfax> 
				<cntemail>max.woodbury@oregonmetro.gov</cntemail>
			</cntinfo>
		</metc>
		<metstdn>FGDC Content Standards for Digital Geospatial Metadata</metstdn>
		<metstdv>FGDC-STD-001-1998</metstdv>
	</metainfo>
</metadata>
