<?xml version="1.0"?>
<metadata>
	<idinfo>
		<citation>
			<citeinfo>
				<origin>Metro Data Resource Center</origin>
				<pubdate>201208</pubdate>
				<title>Outdoor Recreation and Conservation Areas (ORCA)</title>
			</citeinfo>
		</citation>
		<descript>
			<abstract>Outdoor areas used for recreation and conservation including parks, natural areas, golf courses, cemeteries, homeowner association owned parcels, trail parcels, school land, etc.</abstract>
			<purpose>In an attempt to address the need for increased functionality, a dataset was created for all protected lands within the Regional Conservation Framework nine county extent.</purpose>
			<supplinf>The source data units originated from the taxlot parcel and assessor information from each county.</supplinf>
		</descript>
		<timeperd>
			<timeinfo>
				<sngdate>
					<caldate>20140728</caldate>
				</sngdate>
			</timeinfo>
			<current>Ground condition</current>
		</timeperd>
		<status>
			<progress>In work</progress>
			<update>Continually</update>
		</status>
		<spdom>
			<bounding>
				<westbc>-123.785577699</westbc>
				<eastbc>-121.440498206</eastbc>
				<northbc>46.3880499964</northbc>
				<southbc>44.6838701483</southbc>
			</bounding>
		</spdom>
		<keywords>
			<theme>
				<themekt>None</themekt>
				<themekey>parks</themekey>
				<themekey>natural areas</themekey>
				<themekey>cemeteries</themekey>
				<themekey>golf courses</themekey>
				<themekey>homeowner association parcels</themekey>
				<themekey>trail parcels</themekey>
				<themekey>open spaces</themekey>
			</theme>
			<place>
				<placekt>None</placekt>
				<placekey>Portland</placekey>
				<placekey>Multnomah County</placekey>
				<placekey>Washington County</placekey>
				<placekey>Clackamas County</placekey>
				<placekey>Oregon</placekey>
			</place>
		</keywords>
		<accconst>RLIS subscribers (See the RLIS Product Terms and Conditions)</accconst>
		<useconst>This database and GIS data are made available under the Open Database License (ODbL v1) and Database Content License (DbCL v1). See http://www.oregongmetro.gov/rlis-live.</useconst>
    <browse>
        <browsen>http://library.oregonmetro.gov/rlisdiscovery/browse_graphic/parks.png</browsen>
        <browsed></browsed>
        <browset>PNG</browset>
    </browse>
	</idinfo>
	<dataqual>
		<logic></logic>
		<complete></complete>
		<posacc>
			<horizpa>
				<horizpar>Registered to tax lots. Street center lines were digitized from aerial orthophotography at +/- 10 feet accuracy. Tax lots were fit to the street centerlines. Beaverton, Oregon City and Tigard planning areas were improved to +/- 5 feet accuracy. Multnomah County was created with coordinate geometry using better control.</horizpar>
			</horizpa>
		</posacc>
		<lineage>
			<procstep>
				<procdesc>Original data set published to RLIS Live.</procdesc>
				<procdate>20120809</procdate>
			</procstep>
		</lineage>
	</dataqual>
	<spdoinfo>
		<direct>Vector</direct>
		<ptvctinf>
			<sdtsterm>
				<sdtstype>Polygon</sdtstype>
			</sdtsterm>
		</ptvctinf>
	</spdoinfo>
	<spref>
		<horizsys>
			<planar>
				<gridsys>
					<gridsysn>NAD_1983_HARN_StatePlane_Oregon_North_FIPS_3601</gridsysn>
					<spcs>
						<spcszone>5076</spcszone>
					</spcs>
				</gridsys>
				<planci>
					<plance></plance>
					<plandu>International foot</plandu>
				</planci>
			</planar>
			<geodetic>
				<horizdn>D_North_American_1983_HARN</horizdn>
				<ellips></ellips>
				<semiaxis></semiaxis>
				<denflat></denflat>
			</geodetic>
		</horizsys>
	</spref>
	<eainfo>
		<detailed>
			<enttyp>
				<enttypl>ORCA.dbf</enttypl>
				<enttypd>Outdoor Recreation and Conservation Areas (ORCA)</enttypd>
				<enttypds></enttypds>
			</enttyp>
			<attr>
				<attrlabl>SiteName</attrlabl>
				<attrdef>Proper name of the site. No abbreviations.  Sites are groups of units that share a common name.  Sites may be non-contiguous and have more than one owner or manager.</attrdef>
				<attrdefs></attrdefs>
				<attrdomv>
					<udom>NA</udom>
				</attrdomv>
			</attr>
			<attr>
				<attrlabl>UnitType</attrlabl>
				<attrdef>Classification title used to more specifically describe the unit.</attrdef>
				<attrdefs></attrdefs>
				<attrdomv>
					<edom>
						<edomv>Cemetery</edomv>
						<edomvd>Area designated as a burying ground</edomvd>
						<edomvds></edomvds>
					</edom>
					<edom>
						<edomv>Golf Course</edomv>
						<edomvd>Area designated as a golf course</edomvd>
						<edomvds></edomvds>
					</edom>
					<edom>
						<edomv>Homeowner Association</edomv>
						<edomvd>Area owned by a private homeowner association.</edomvd>
						<edomvds></edomvds>
					</edom>
					<edom>
						<edomv>Natural Area</edomv>
						<edomvd><![CDATA[Area managed primarily for value of natural resources as buffers, conservation and/or habitat protection; may or may not have access by people to experience nature;  sitename used by owner or manager contains the word Natural Area;  e.g. Tryon Creek State Natural Area, Smith & Bybee Wetlands Natural Area,  Oaks Bottom Wildlife Refuge]]></edomvd>
						<edomvds></edomvds>
					</edom>
					<edom>
						<edomv>Other</edomv>
						<edomvd>Area not specifically designated for any other unit type or unknown; e.g. privately owned plats, transportation corridor buffers, trail/path parcels not large enough to be part of a park or natural area</edomvd>
						<edomvds></edomvds>
					</edom>
					<edom>
						<edomv>Park</edomv>
						<edomvd>Active or passive recreation area where facilities exist primarily intended for recreational uses by the public; sitename used by owner or manager contains the word Park;   e.g. -Washington Park, Oxbow Regional Park, Tom McCall Waterfront Park, Mt. Tabor Park, Stub Stewart State Park, Springwater Corridor,  Forest Park, Mt. Talbert Nature Park, Powell Butte Nature Park,</edomvd>
						<edomvds></edomvds>
					</edom>
					<edom>
						<edomv>School Land</edomv>
						<edomvd>Area owned by school/district</edomvd>
						<edomvds></edomvds>
					</edom>
					<udom>NA</udom>
				</attrdomv>
			</attr>
			<attr>
				<attrlabl>Owner</attrlabl>
				<attrdef>Specific proper name of parcel owner including bureau or sub-unit of government</attrdef>
				<attrdefs></attrdefs>
				<attrdomv>
					<udom>NA</udom>
				</attrdomv>
			</attr>
			<attr>
				<attrlabl>OwnLev1</attrlabl>
				<attrdef>Owner of Property General - Level 1</attrdef>
				<attrdefs></attrdefs>
				<attrdomv>
					<edom>
						<edomv>Bureau of Indian Affairs</edomv>
						<edomvd>Owned by a American Indians, or Indian tribes</edomvd>
						<edomvds></edomvds>
					</edom>
					<edom>
						<edomv>Federal</edomv>
						<edomvd>Owned by federal government or agency</edomvd>
						<edomvds></edomvds>
					</edom>
					<edom>
						<edomv>Local</edomv>
						<edomvd>Owned by regional, county or city jurisdictions</edomvd>
						<edomvds></edomvds>
					</edom>
					<edom>
						<edomv>Non-Profits</edomv>
						<edomvd>Owned by non-profit organization</edomvd>
						<edomvds></edomvds>
					</edom>
					<edom>
						<edomv>Private</edomv>
						<edomvd>Owned by private individual or business</edomvd>
						<edomvds></edomvds>
					</edom>
					<edom>
						<edomv>Special District</edomv>
						<edomvd>Owned by a special district government, e.g.,  THPRD, NCPRD, etc.</edomvd>
						<edomvds></edomvds>
					</edom>
					<edom>
						<edomv>State</edomv>
						<edomvd>Owned by state government or agency</edomvd>
						<edomvds></edomvds>
					</edom>
					<edom>
						<edomv>Unknown</edomv>
						<edomvd>Owner unknown from assessor information</edomvd>
						<edomvds></edomvds>
					</edom>
					<udom>NA</udom>
				</attrdomv>
			</attr>
			<attr>
				<attrlabl>OwnLev2</attrlabl>
				<attrdef>Owner of Property - Level II</attrdef>
				<attrdefs></attrdefs>
				<attrdomv>
					<edom>
						<edomv>City</edomv>
						<edomvd>Owned by city government or agency</edomvd>
						<edomvds></edomvds>
					</edom>
					<edom>
						<edomv>County</edomv>
						<edomvd>Owned by county government or agency</edomvd>
						<edomvds></edomvds>
					</edom>
					<edom>
						<edomv>Non-profit Conservation</edomv>
						<edomvd>Owned by non-profit organization primarily with a conservation focus ie) TNC, Land Trusts, Conservancies</edomvd>
						<edomvds></edomvds>
					</edom>
					<edom>
						<edomv>Non-profit Other</edomv>
						<edomvd>Land Owned by Non-profit though not Conservation focused; ex. Religious Organization</edomvd>
						<edomvds></edomvds>
					</edom>
					<edom>
						<edomv>Other Federal</edomv>
						<edomvd>Owned by other federal government or agency ie) Postal service Dept of Defense</edomvd>
						<edomvds></edomvds>
					</edom>
					<edom>
						<edomv>Other Special Districts</edomv>
						<edomvd>Owned by other special districts like Clean Water Services, Fire District, Port of Portland</edomvd>
						<edomvds></edomvds>
					</edom>
					<edom>
						<edomv>Park District</edomv>
						<edomvd>Owned by special park district, eg. THPRD, NCPRD, GPRD</edomvd>
						<edomvds></edomvds>
					</edom>
					<edom>
						<edomv>Private - HOA</edomv>
						<edomvd>Owned by home owners association</edomvd>
						<edomvds></edomvds>
					</edom>
					<edom>
						<edomv>Private - Other</edomv>
						<edomvd>Privately owned open space or recreation land</edomvd>
						<edomvds></edomvds>
					</edom>
					<edom>
						<edomv>Regional</edomv>
						<edomvd>Owned by Metro</edomvd>
						<edomvds></edomvds>
					</edom>
					<edom>
						<edomv>School District</edomv>
						<edomvd>Owned by school district or agency</edomvd>
						<edomvds></edomvds>
					</edom>
					<edom>
						<edomv>State Forestry</edomv>
						<edomvd>Owned by State Forestry Department</edomvd>
						<edomvds></edomvds>
					</edom>
					<edom>
						<edomv>State Parks and recreation</edomv>
						<edomvd>Owned by State Parks and Recreation Department</edomvd>
						<edomvds></edomvds>
					</edom>
					<edom>
						<edomv>US Fish and Wildlife</edomv>
						<edomvd>Owned by the US Fish and Wildlife</edomvd>
						<edomvds></edomvds>
					</edom>
					<edom>
						<edomv>US Forest Service</edomv>
						<edomvd>Owned by the US Forest Service</edomvd>
						<edomvds></edomvds>
					</edom>
					<edom>
						<edomv>Unknown</edomv>
						<edomvd>Owner is unknown</edomvd>
						<edomvds></edomvds>
					</edom>
					<udom>NA</udom>
				</attrdomv>
			</attr>
			<attr>
				<attrlabl>OwnLev3</attrlabl>
				<attrdef>Owner of Property - Level III</attrdef>
				<attrdefs></attrdefs>
				<attrdomv>
					<edom>
						<edomv>Bureau of Land Management</edomv>
						<edomvd></edomvd>
						<edomvds></edomvds>
					</edom>
					<edom>
						<edomv>Bureau of Reclamation</edomv>
						<edomvd></edomvd>
						<edomvds></edomvds>
					</edom>
					<edom>
						<edomv>City of Gresham</edomv>
						<edomvd></edomvd>
						<edomvds></edomvds>
					</edom>
					<edom>
						<edomv>City of Portland</edomv>
						<edomvd></edomvd>
						<edomvds></edomvds>
					</edom>
					<edom>
						<edomv>Clackamas County</edomv>
						<edomvd></edomvd>
						<edomvds></edomvds>
					</edom>
					<edom>
						<edomv>Corps of Engineers</edomv>
						<edomvd></edomvd>
						<edomvds></edomvds>
					</edom>
					<edom>
						<edomv>Greater Clark Parks District</edomv>
						<edomvd></edomvd>
						<edomvds></edomvds>
					</edom>
					<edom>
						<edomv>Metro</edomv>
						<edomvd></edomvd>
						<edomvds></edomvds>
					</edom>
					<edom>
						<edomv>Natural Resource Department</edomv>
						<edomvd></edomvd>
						<edomvds></edomvds>
					</edom>
					<edom>
						<edomv><![CDATA[North Clackamas Parks & Rec  District]]></edomv>
						<edomvd></edomvd>
						<edomvds></edomvds>
					</edom>
					<edom>
						<edomv>State Department of Transportation</edomv>
						<edomvd></edomvd>
						<edomvds></edomvds>
					</edom>
					<edom>
						<edomv>State School Lands</edomv>
						<edomvd></edomvd>
						<edomvds></edomvds>
					</edom>
					<edom>
						<edomv><![CDATA[Tualatin Hills Park & Recreation Dist.]]></edomv>
						<edomvd></edomvd>
						<edomvds></edomvds>
					</edom>
					<edom>
						<edomv>Unknown</edomv>
						<edomvd></edomvd>
						<edomvds></edomvds>
					</edom>
					<udom>NA</udom>
				</attrdomv>
			</attr>
			<attr>
				<attrlabl>Manager</attrlabl>
				<attrdef>Proper name of organization that manages the parcel</attrdef>
				<attrdefs></attrdefs>
				<attrdomv>
					<udom>NA</udom>
				</attrdomv>
			</attr>
			<attr>
				<attrlabl>CityMuni</attrlabl>
				<attrdef>Name of city, town or community where the parcel exists.</attrdef>
				<attrdefs></attrdefs>
				<attrdomv>
					<udom>NA</udom>
				</attrdomv>
			</attr>
			<attr>
				<attrlabl>County</attrlabl>
				<attrdef>Proper name of the county where the parcel physically exists.</attrdef>
				<attrdefs></attrdefs>
				<attrdomv>
					<udom>NA</udom>
				</attrdomv>
			</attr>
			<attr>
				<attrlabl>GISAcreage</attrlabl>
				<attrdef>Area in acres of the parcel calculated by GIS software.</attrdef>
				<attrdefs></attrdefs>
				<attrdomv>
					<udom>NA</udom>
				</attrdomv>
			</attr>
			<attr>
				<attrlabl>Status</attrlabl>
				<attrdef>Current physical state of the parcel regarding access.</attrdef>
				<attrdefs></attrdefs>
				<attrdomv>
					<edom>
						<edomv>Closed</edomv>
						<edomvd>Parcel is not open to the public.</edomvd>
						<edomvds></edomvds>
					</edom>
					<edom>
						<edomv>Open</edomv>
						<edomvd>Parcel is open to the public, free of charge</edomvd>
						<edomvds></edomvds>
					</edom>
					<edom>
						<edomv>Open_Restricted</edomv>
						<edomvd>Parcel is not specifically closed to the public, but access is restricted except by permit or reservation.</edomvd>
						<edomvds></edomvds>
					</edom>
					<edom>
						<edomv>Unknown</edomv>
						<edomvd>Status of the parcel is unknown.</edomvd>
						<edomvds></edomvds>
					</edom>
					<udom>NA</udom>
				</attrdomv>
			</attr>
			<attr>
				<attrlabl>BondAcq</attrlabl>
				<attrdef>Indicates parcels acquired through Metro Bond Measure Acquisitions</attrdef>
				<attrdefs></attrdefs>
				<attrdomv>
					<edom>
						<edomv>0</edomv>
						<edomvd>Not Metro Bond Measure Acquisition</edomvd>
						<edomvds></edomvds>
					</edom>
					<edom>
						<edomv>1</edomv>
						<edomvd>Metro Bond Measure Acquisition</edomvd>
						<edomvds></edomvds>
					</edom>
					<udom>NA</udom>
				</attrdomv>
			</attr>
			<attr>
				<attrlabl>Conservati</attrlabl>
				<attrdef>Protection level for an area of importance for wildlife, flora, fauna or features of geological or other special interest, which is reserved and managed for conservation and to provide special opportunities for study or research.  May or may not have access for people to experience nature.</attrdef>
				<attrdefs></attrdefs>
				<attrdomv>
					<edom>
						<edomv>High</edomv>
						<edomvd><![CDATA[Property has substantial level of known conservation efforts; e.g.  Forest Park, Tryon Creek State Natural Area, Smith & Bybee Wetlands Natural Area, Graham Oaks Nature Park, Powell Butte Nature Park]]></edomvd>
						<edomvds></edomvds>
					</edom>
					<edom>
						<edomv>Low</edomv>
						<edomvd>Property has low level of conservation; e.g. golf courses, Tom McCall Waterfront Park, Cemeteries</edomvd>
						<edomvds></edomvds>
					</edom>
					<edom>
						<edomv>Medium</edomv>
						<edomvd>Property has a medium level of conservation, including parks with natural elements, undeveloped parcels with natural habitat, and natural areas without known conservation effort; e.g. Mt. Tabor Park, Laurelhurst Park, BLM Land</edomvd>
						<edomvds></edomvds>
					</edom>
					<edom>
						<edomv>Unknown</edomv>
						<edomvd>Property has unknown level of conservation;</edomvd>
						<edomvds></edomvds>
					</edom>
					<udom>NA</udom>
				</attrdomv>
			</attr>
			<attr>
				<attrlabl>Recreation</attrlabl>
				<attrdef>Level of recreational development on a property</attrdef>
				<attrdefs></attrdefs>
				<attrdomv>
					<edom>
						<edomv>None</edomv>
						<edomvd>Property has no level of impact from recreational development or access is known to be blocked; e.g. Mt Hood Wilderness Area</edomvd>
						<edomvds></edomvds>
					</edom>
					<edom>
						<edomv>Some</edomv>
						<edomvd>Property has a low level of impact from recreational development, with possibly a few trails, but recreation is not the primary purpose of the parcel; e.g. Chehalem Ridge Natural Area, Audobon Society Lands, Forest Service Lands</edomvd>
						<edomvds></edomvds>
					</edom>
					<edom>
						<edomv>Unknown</edomv>
						<edomvd>Property has unknown level of impact from recreational development; e.g. HOAs</edomvd>
						<edomvds></edomvds>
					</edom>
					<edom>
						<edomv>Yes</edomv>
						<edomvd>Property has substantial level of impact from recreational development with known recreational features like playground equipment or large grassy areas; e.g. Washington Park, Blue Lake Regional Park, Oxbow Regional Park, Mt. Tabor Park</edomvd>
						<edomvds></edomvds>
					</edom>
					<udom>NA</udom>
				</attrdomv>
			</attr>
		</detailed>
	</eainfo>
	<distinfo>
		<distrib>
			<cntinfo>
				<cntorgp>
					<cntorg>Metro Data Resource Center</cntorg>
				</cntorgp>
				<cntaddr>
					<addrtype></addrtype>
					<address>600 NE Grand Ave.</address>
					<city>Portland</city>
					<state>OR</state>
					<postal>97232</postal>
				</cntaddr>
				<cntvoice>503 797-1742</cntvoice>
				<cntfax>503 797-1909</cntfax>
				<cntemail>drc@oregonmetro.gov</cntemail>
			</cntinfo>
		</distrib>
		<distliab>The information in this file was derived from digital databases on Metro's GIS. Care was taken in the creation of this file. Metro cannot accept any responsibility for errors, omissions, or positional accuracy. There are no warranties, expressed or implied.</distliab>
		<stdorder>
			<digform>
				<digtinfo>
					<formname>Shapefile</formname>
					<transize>29.5 mb</transize>
				</digtinfo>
				<digtopt>
					<offoptn>
						<offmedia>DVD or CD-ROM</offmedia>
						<recfmt>ISO9660</recfmt>
					</offoptn>
					<onlinopt>
						<computer>
							<networka>
								<networkr>http://www.oregonmetro.gov/rlisdiscovery</networkr>
							</networka>
						</computer>
						<accinstr>Email drc@oregonmetro.gov or call 503-797-1742 for further instructions.</accinstr>
					</onlinopt>
				</digtopt>
			</digform>
			<fees>RLIS subscription required</fees>
		</stdorder>
	</distinfo>
	<metainfo>
		<metd>20140728</metd>
		<metc>
			<cntinfo>
				<cntorgp>
					<cntorg>Metro Data Resource Center</cntorg>
					<cntper>Max Woodbury</cntper>
				</cntorgp>
				<cntaddr>
					<addrtype>mailing and physical address</addrtype>
					<address>600 NE Grand Ave.</address>
					<city>Portland</city>
					<state>OR</state>
					<postal>97232</postal>
				</cntaddr>
				<cntvoice>503-797-1563</cntvoice>
				<cntfax>503-797-1909</cntfax> 
				<cntemail>max.woodbury@oregonmetro.gov</cntemail>
			</cntinfo>
		</metc>
		<metstdn>FGDC Content Standards for Digital Geospatial Metadata</metstdn>
		<metstdv>FGDC-STD-001-1998</metstdv>
	</metainfo>
</metadata>
