DISSOLVEID, STEWARD_ID
101583,50594
103608,62987
102180,8470
1982,53263
2353,12532
1922,51433
180,12697
615,12697
101375,60746
22,28868
102018,5799
1680,62171
102013,57650
1093,55586
101443,60746
2116,48345
102098,8470
820,21121
1580,28832
1762,63301
2347,43262
2497,43262
102166,8470
1420,54555
101405,60746
57,58672
132,62757
1471,51433
2006,52180
481,62757
101466,60746
1619,48797
854,7245
1377,48797
1768,62757
101324,60746
1859,63301
1618,28868
102178,8470
2238,44476
2134,51433
740,33909
1847,63301
101677,50594
101839,48345
14,48797
884,44659
723,63301
2560,63301
1199,47193
1649,51433
771,12697
1874,45392
1481,58672
104789,65516
1860,54555
2093,48345
101489,60746
101414,60746
199,12532
1072,61501
101648,50594
103110,27632
104109,43580
102282,45392
101686,20231
777,23968
104630,48797
209,12697
985,12532
103613,62987
2371,48797
1159,63301
2599,12697
1869,2836
37,63301
104682,2222
542,64686
1851,63301
102108,8470
1696,59525
1666,64686
102335,25462
1365,44476
101470,60746
101456,60746
567,6810
101292,60746
102053,5799
2068,25462
2496,45392
101630,50594
1,48797
457,35115
1973,51433
1546,52180
101935,12697
102117,8470
101884,44476
1640,48797
101608,50594
1746,7245
104632,48797
1563,48797
2682,33909
101943,5833
101576,50594
102287,45392
265,45392
101441,60746
434,48797
2566,48797
101515,60746
1067,44659
102294,45392
102089,5799
2372,48797
880,51433
1830,12697
2212,63301
600,12697
862,51433
101600,50594
102299,45392
1875,64267
183,48797
102209,22159
1402,62757
101833,48345
343,25462
947,8470
2558,48797
102829,20976
2362,48797
101678,50594
2683,48797
855,44659
2438,51433
2016,63301
104790,65516
576,44476
2352,48345
2443,7245
1037,51433
1274,48797
101281,60746
1930,48345
2220,48797
101458,60746
102248,22159
634,62171
1849,63301
1327,48797
2075,63301
67,63301
2595,51433
2359,57749
102255,22159
1464,5799
26,51433
2203,51433
101645,50594
102842,20976
2283,63408
104795,65516
1178,20231
101762,63301
101864,44476
1187,1960
103609,62987
103601,62987
1059,48797
104631,48797
1357,7245
251,7245
2281,27011
1148,27011
1114,27011
403,27011
969,27011
1808,27011
267,54555
731,27011
2721,27011
101333,60746
100560,3750
262,27011
101295,60746
2056,55586
1472,27011
1146,22754
2233,27011
1701,27011
2158,43580
864,51433
2500,21074
2272,27011
1215,27011
1380,27011
856,27011
1284,27011
1122,35887
2773,12697
413,48797
1068,12697
2422,20231
1310,57749
1536,48797
102164,8470
101505,60746
2574,51433
1021,28868
102135,8470
1523,48797
103109,27632
1506,27011
104681,2222
1917,44659
2469,33909
1455,57749
101775,63301
1032,58672
101483,60746
1854,63301
1607,51433
1892,7245
896,44476
797,12697
1003,5833
102049,5799
34,63301
835,21074
804,48797
1610,2836
2167,31607
2160,35115
2297,48345
1718,60746
2578,54555
101481,60746
101714,12532
2364,62757
1603,62757
1079,63301
102137,8470
2195,5833
101309,60746
101793,63301
1311,22159
101498,60746
1244,45392
1630,61501
2018,7245
1428,22159
1241,6810
935,53263
104638,48797
1790,48797
1782,12697
586,12697
1735,51433
563,48797
101968,5833
101828,48345
102205,22159
1305,22159
2061,39585
2080,48797
2047,45392
101926,51433
1086,48345
1161,57650
2548,48797
101396,60746
556,48797
1359,48797
772,12697
102396,37829
319,12697
2650,58672
2557,25462
101463,60746
2479,45392
2515,48797
2584,48797
101384,60746
103620,62987
234,62757
2688,43580
1776,58672
1983,44659
174,63301
1253,44476
932,8470
101382,60746
102014,57650
766,44476
1076,63301
1559,45392
2432,51433
390,63301
1185,63301
1483,51433
473,27934
1742,48797
78,58672
52,20231
2412,44476
181,12697
531,16980
552,45392
1261,44659
102298,45392
1108,7245
102251,22159
101345,60746
102116,8470
101706,12532
2474,44659
338,25462
1477,27934
101379,60746
101374,60746
101590,50594
367,63301
101692,57749
627,61580
102360,25462
103604,62987
1682,43580
1157,28832
1645,12697
2729,63301
837,48797
102292,45392
102044,5799
103628,53263
102269,45392
386,63301
970,25462
2556,16980
2616,48797
93,63301
102293,45392
1193,48797
747,6810
769,61501
827,50594
850,51433
1307,63301
104089,31607
2293,44659
35,63301
101479,60746
2115,44659
2133,28832
104082,43580
2580,5833
102055,5799
2722,7245
101395,60746
102284,45392
2003,48797
2309,40542
1878,44476
102225,22159
222,48797
2518,48797
2390,59683
446,48797
1541,51433
580,28694
1299,48797
101646,50594
101785,63301
139,63301
381,48797
210,25462
1008,63301
102384,37104
498,44659
102388,37104
2433,28832
104068,43580
119,27934
2386,44659
102088,5799
990,51433
103376,58672
101385,60746
104782,65516
102004,57650
1258,44659
173,8470
101474,60746
2170,12697
812,44659
101490,60746
801,63301
2406,58672
102236,22159
286,48797
101337,60746
375,48797
101276,60746
983,48345
103374,58672
1772,58672
101609,50594
2257,63301
104715,5127
2701,12697
2258,63301
1526,22159
2363,22159
1627,63301
1276,51433
101898,44476
102235,22159
104625,48797
2571,65516
955,8470
1912,48797
2704,5799
2092,25462
2219,58672
101691,20231
2225,61501
2268,12697
1224,62757
28,63301
710,48797
2361,63301
1615,45392
102835,20976
101914,44659
17,51433
1650,44659
429,44659
1910,12697
2681,63301
1345,44659
104290,27011
2473,27011
897,27011
1136,27011
982,27011
2752,27011
851,27011
1498,27011
1229,27011
2427,27011
676,27011
1266,27011
104700,5127
331,8470
2354,27011
1217,27011
965,27011
104140,57992
102402,37829
886,48345
102194,22159
2523,62987
2156,25462
2467,27011
2638,27011
101938,5833
1507,27011
1690,51433
1653,27011
517,27011
2457,27011
103632,53263
2677,48797
744,27011
910,27011
198,44476
102213,22159
102074,5799
1416,51433
1396,44659
101942,5833
101601,50594
825,45392
101338,60746
1074,63301
101457,60746
2470,7245
755,63301
1585,5799
101749,63301
104915,12697
101530,60746
645,61501
102121,8470
102841,20976
2031,44476
101485,60746
2270,12697
612,48797
2680,48797
950,25462
2084,63301
1041,12697
1419,6810
1232,64686
2413,63301
624,44476
247,48797
280,48797
1522,45916
2402,51433
2348,5799
102341,25462
407,48345
1527,28868
976,6810
2,58672
101454,60746
1556,55586
287,48797
101462,60746
102144,8470
2621,48345
2685,12697
787,26692
2494,22159
2569,28868
2378,45392
104621,48797
101271,60746
101493,60746
2140,57749
1679,28868
922,7245
394,63301
2765,44659
193,48797
1824,61501
1466,12697
102035,5799
2279,48345
1591,45392
2342,58672
709,12697
532,12697
102391,37104
101106,43262
657,33909
102218,22159
101531,60746
1424,178
248,48797
104691,16973
112,58672
12,26692
101912,44659
101758,63301
2086,48797
101420,60746
2491,48797
2053,48345
121,44659
185,5833
101342,60746
101584,50594
102154,8470
102338,25462
2622,48345
101937,5833
574,48797
1484,62171
1791,48797
2046,12697
228,48797
101949,5833
920,65516
104064,43580
102195,22159
69,63301
101445,60746
1775,58672
759,54555
102057,5799
103375,58672
101410,60746
2109,51433
2487,22159
444,44659
176,12697
101451,60746
1162,55586
805,48797
2282,51433
1100,44659
911,48797
2071,58672
2271,7245
894,63301
101637,50594
102334,25462
186,28868
7,48797
1119,57749
1237,22159
101296,60746
101605,50594
101611,50594
257,12697
698,48797
2197,51433
683,12697
1553,44659
102119,8470
1198,63301
1106,48797
122,48797
101603,50594
2265,48797
788,63301
964,48345
1143,57749
102056,5799
101953,5833
102063,5799
2034,63301
1180,48797
1628,8470
101842,33312
2519,48797
1979,63301
101748,63301
104063,43580
2117,58672
2380,63301
101987,28832
102115,8470
163,48797
101335,60746
101506,60746
1042,44659
2732,63301
1290,31788
102836,20976
101330,60746
1794,27934
692,26692
1087,48345
101594,50594
102212,22159
2369,8470
927,27934
104690,16973
921,57749
101316,60746
859,51433
104066,43580
2298,48345
1209,48797
102069,5799
101754,63301
104094,43580
2414,51433
1809,34395
101597,50594
1277,7245
101682,27934
765,44659
101484,60746
102311,45392
101336,60746
1349,7245
101781,63301
102041,5799
2255,63301
1104,7245
102093,5799
101612,50594
873,25462
1530,27934
102260,22159
2698,50594
2202,51433
378,44659
102297,45392
1152,63301
101948,5833
1382,7245
1179,62757
101317,60746
103617,62987
104635,48797
2288,58672
102252,22159
2104,51433
1236,51433
1354,8470
102395,37829
1294,6810
2237,50435
432,27011
438,27011
2142,27011
344,27011
2521,27011
1558,27011
681,27011
1626,27011
2417,27011
811,27011
507,27011
103115,27632
102080,5799
1370,27011
2719,27011
2013,33222
362,58672
1158,27011
101363,60746
1500,27011
44,27011
817,44659
1459,27011
764,27011
3,48797
104114,15903
2368,27011
102370,27011
101615,50594
499,44476
102327,33909
1612,51433
104622,48797
2346,48797
1509,51433
1195,33909
866,51433
1440,5799
2043,65516
104675,27015
102998,21732
2229,5799
570,58672
2366,58672
101642,50594
103621,62987
102349,25462
101716,61501
816,8470
1210,51433
103303,62760
1099,62987
1510,48797
2241,45392
1993,63301
1631,48797
101495,60746
102146,8470
1019,48345
2340,44476
1451,48345
1594,45392
1766,51433
1811,44659
101492,60746
102040,5799
730,51433
845,51433
1221,64686
1888,6810
1368,12697
177,12697
2723,5833
1005,63301
101614,50594
2429,48797
101986,28832
2100,28868
103631,53263
1358,44659
852,12697
1303,48797
2161,62757
101362,60746
101656,50594
101285,60746
537,48797
975,48797
2423,48797
881,48797
102008,57650
2351,17500
1315,51433
1655,28868
469,55586
1491,62757
101654,50594
829,6810
2411,45392
101465,60746
1056,48345
2511,12697
2759,7245
902,50594
2349,51433
104639,48797
101641,50594
102258,22159
101980,2130
2418,63301
2231,7245
1665,58672
104624,48797
1043,48797
101529,60746
102389,37104
470,44659
1169,48797
104578,31947
1600,48797
104627,48797
2022,45392
101373,60746
1378,7245
1339,51433
757,48797
1538,2836
2285,2130
101354,60746
1486,44659
102834,20976
32,51433
1330,63301
102027,5799
919,63301
2260,63301
893,48797
1239,63301
1501,63301
102226,22159
101606,50594
2435,48797
101273,60746
102337,25462
101442,60746
102048,5799
102073,5799
2094,48797
128,33909
101425,60746
468,55586
988,37104
104641,48797
1855,63301
102257,22159
2693,48797
101411,60746
1231,51433
102839,20976
1323,62171
1977,63301
1028,44659
1905,12697
2555,12697
2505,51433
929,54555
1077,63301
525,59525
675,26692
1409,63036
1065,28832
2147,43580
1229,17500
102290,45392
101783,63301
2644,48797
102151,8470
1933,44659
1857,23293
2425,48797
800,63301
1413,12697
2292,44476
2709,48345
102211,22159
2379,48345
1789,44659
1414,62757
703,48345
102068,5799
101708,12532
101299,60746
906,51433
2627,48345
102127,8470
1240,63301
1570,51433
1467,60746
1641,33909
1544,51433
2129,20231
2074,63301
101633,50594
609,20231
1684,51433
101632,50594
1064,51433
1760,63301
104634,48797
1921,57749
1085,44659
2054,48345
102139,8470
761,48797
102828,20976
101644,50594
101806,48345
101773,63301
2690,8470
101312,60746
101695,57749
450,62757
1831,58672
101889,44476
101823,48345
101722,7245
5,63301
102106,8470
101426,60746
104687,16973
101771,63301
2637,63301
1754,63301
1265,57749
1932,44476
101755,63301
1844,5799
1837,12697
2544,63301
2692,57749
102274,45392
144,7245
102067,5799
2524,51433
2750,48345
2044,25462
821,54555
102321,33909
101302,60746
1026,7245
102122,8470
603,48345
1437,27011
2696,27011
1131,64686
105,33909
1566,63301
685,7245
294,27011
2157,18611
942,27011
350,44659
958,27011
857,27011
2675,28868
1025,27011
1245,27011
1625,27011
104146,57992
16,44659
1661,27011
1802,27011
1204,27011
1355,27011
1818,27011
1326,27011
1181,27011
1401,27011
2227,27011
1524,27011
1051,27011
732,27011
2367,62757
1856,63301
1511,63301
1352,2836
2159,35115
2770,12697
145,48345
2426,44659
101508,60746
865,51433
1724,3333
101449,60746
101507,60746
102078,5799
101970,51433
104643,48797
102191,62757
101496,60746
663,8470
383,63301
101936,5833
103619,62987
1771,12697
960,48797
156,32649
2163,60746
2657,50594
2345,20231
1903,57749
1515,12532
582,61501
1027,7245
1109,7245
1126,7245
1128,7245
1267,7245
1388,7245
1747,7245
2290,7245
2520,7245
235,40542
441,40542
1348,40542
2444,40542
2725,40542
1176,52180
62,63301
399,63301
1094,63301
1328,63301
1759,63301
1898,63301
19,48345
1620,48345
2291,48345
2482,48345
480,44476
2582,44476
270,44659
421,44659
447,44659
938,44659
1029,44659
1362,44659
1438,44659
1515,44659
1579,44659
1651,44659
2198,44659
2304,44659
2671,44659
2452,5833
2607,5833
2663,5833
83,51433
136,51433
269,51433
316,51433
352,51433
526,51433
591,51433
638,51433
670,51433
677,51433
684,51433
686,51433
735,51433
751,51433
794,51433
833,51433
872,51433
904,51433
931,51433
948,51433
996,51433
1089,51433
1097,51433
1160,51433
1177,51433
1298,51433
1321,51433
1322,51433
1363,51433
1364,51433
1385,51433
1391,51433
1395,51433
1415,51433
1425,51433
1474,51433
1515,51433
1537,51433
1543,51433
1588,51433
1589,51433
1669,51433
1726,51433
1739,51433
1810,51433
1863,51433
1864,51433
1879,51433
1904,51433
1928,51433
1938,51433
1958,51433
1971,51433
1975,51433
2004,51433
2091,51433
2110,51433
2181,51433
2206,51433
2303,51433
2307,51433
2323,51433
2325,51433
2404,51433
2526,51433
2534,51433
2575,51433
2586,51433
2613,51433
2623,51433
2641,51433
2662,51433
2668,51433
2671,51433
2707,51433
2710,51433
2717,51433
1937,28832
1893,8470
2370,8470
2702,8470
402,22159
1443,22159
19,45392
1593,45392
2397,45392
2600,45392
2671,45392
325,33909
1632,33909
510,25462
70,12697
236,12697
254,12697
409,12697
424,12697
602,12697
658,12697
828,12697
847,12697
900,12697
1034,12697
1297,12697
1727,12697
1753,12697
1767,12697
1865,12697
1866,12697
2050,12697
2249,12697
2399,12697
2468,12697
2513,12697
2564,12697
2665,12697
1604,12697
2630,12697
818,58672
1774,58672
2478,58672
2485,59480
1515,25770
1583,62987
2671,53263
2395,43580
104113,43580
2172,18611
2458,31607
760,28868
768,28868
830,28868
1058,28868
1145,28868
2674,28868
1422,64686
1798,64686
146,48797
263,48797
564,48797
782,48797
892,48797
930,48797
933,48797
953,48797
986,48797
1246,48797
1542,48797
1935,48797
2040,48797
2082,48797
2121,48797
2180,48797
2209,48797
2213,48797
2221,48797
2535,48797
2629,48797
2495,43262
418,59683
680,59683
1717,59683
2397,27011
2657,27011
2657,65516
2397,61548
2771,44659
1436,27011
2751,44659
1900,12697
2753,45392
934,48797
1842,9999
1876,9999
104323,9999
104187,9999
103737,9999
104348,9999
104170,9999
100422,9999
103768,9999
103756,9999
104368,9999
104259,9999
103761,9999
104143,9999
103753,9999
104278,9999
104308,9999
104338,9999
104331,9999
167,9999
102639,9999
104282,9999
103692,9999
104356,9999
103755,9999
103735,9999
103174,9999
104211,9999
504,9999
104280,9999
104263,9999
104294,9999
104244,9999
104125,9999
104359,9999
102374,9999
100075,9999
102404,9999
104190,9999
100021,9999
104284,9999
100737,9999
100691,9999
104350,9999
1699,9999
2317,9999
104189,9999
104258,9999
103715,9999
104353,9999
776,9999
2320,9999
103714,9999
2314,9999
102477,9999
102640,9999
103691,9999
104255,9999
104873,9999
104299,9999
104147,9999
104213,9999
104364,9999
462,9999
104183,9999
104380,9999
104293,9999
104270,9999
104127,9999
104132,9999
104322,9999
104185,9999
102376,9999
102372,9999
104326,9999
104319,9999
104335,9999
104321,9999
103774,9999
104341,9999
104277,9999
104266,9999
104186,9999
104137,9999
104149,9999
100942,9999
1582,9999
103708,9999
104198,9999
104265,9999
104342,9999
104271,9999
100377,9999
104343,9999
461,9999
104306,9999
104264,9999
104315,9999
104340,9999
104206,9999
103677,9999
2333,9999
102399,9999
103734,9999
104373,9999
104134,9999
104188,9999
104870,9999
104209,9999
102375,9999
104155,9999
103719,9999
103769,9999
104180,9999
104176,9999
100380,9999
104275,9999
103759,9999
296,9999
104349,9999
104154,9999
693,9999
104305,9999
103701,9999
104358,9999
104327,9999
104269,9999
100465,9999
104164,9999
2451,9999
102476,9999
100154,9999
104318,9999
104332,9999
104173,9999
103672,9999
104210,9999
143,9999
104329,9999
104311,9999
100087,9999
104370,9999
102405,9999
104212,9999
1033,9999
104683,9999
104324,9999
104279,9999
1389,9999
104191,9999
2200,9999
104207,9999
104320,9999
104344,9999
104325,9999
2546,9999
103733,9999
103716,9999
103705,9999
104371,9999
103793,9999
104199,9999
104337,9999
104287,9999
104203,9999
104330,9999
104142,9999
100824,9999
2545,9999
104194,9999
2344,9999
104355,9999
104292,9999
104236,9999
100940,9999
103722,9999
104285,9999
104347,9999
104151,9999
103763,9999
71,9999
103736,9999
2334,9999
103710,9999
104367,9999
101042,9999
100424,9999
103663,9999
103695,9999
104192,9999
103754,9999
102904,9999
104193,9999
33,9999
333,9999
50,9999
104333,9999
104357,9999
103689,9999
104281,9999
568,9999
104208,9999
104123,9999
104295,9999
104376,9999
104136,9999
104298,9999
104135,9999
104195,9999
103707,9999
104286,9999
104214,9999
102371,9999
104721,9999
104157,9999
103693,9999
102490,9999
104339,9999
104301,9999
102493,9999
104215,9999
104220,9999
2322,9999
103713,9999
103891,9999
103760,9999
2313,9999
1871,9999
104205,9999
104310,9999
104152,9999
103749,9999
104309,9999
109,9999
104200,9999
104379,9999
104141,9999
104914,9999
104184,9999
104229,9999
460,9999
104345,9999
104226,9999
104297,9999
104133,9999
104296,9999
104130,9999
104204,9999
104872,9999
104181,9999
103700,9999
104256,9999
104362,9999
104283,9999
103773,9999
2191,9999
104317,9999
104223,9999
103694,9999
103724,9999
104313,9999
104268,9999
104148,9999
104150,9999
103709,9999
104316,9999
104328,9999
100933,9999
100097,9999
104156,9999
104312,9999
104174,9999
104196,9999
104366,9999
1617,9999
104874,9999
1881,9999
104153,9999
101102,9999
103762,9999
104300,9999
104246,9999
104361,9999
100440,9999
104267,9999
103671,9999
104696,9999
104245,9999
104243,9999
104239,9999
104124,9999
100463,9999
102377,9999
104692,9999
104182,9999
100011,9999
1012,2836
102155,8470
102077,5799
101746,63301
1708,62757
101837,48345
101526,60746
809,14172
2287,25719
2735,5127
1532,27934
1011,44659
770,63301
368,63301
1853,63301
102348,25462
101591,50594
1325,8470
2169,22159
101499,60746
1999,48797
2355,48797
101274,60746
1590,63301
102329,25462
102184,8470
103377,58672
101283,60746
485,33909
2036,43262
972,12697
1555,12697
1096,12697
1230,54555
1908,48345
101394,60746
1757,27934
103618,62987
2768,12697
1663,37104
1219,58672
91,44659
101398,60746
102023,5799
1220,22159
1505,50594
2296,58672
2761,12697
102091,5799
980,48797
2199,63301
101596,50594
101620,50594
1565,58
101789,63301
2376,51433
813,61501
299,25462
1654,5999
10,44476
102011,57650
2300,12697
1135,7245
102306,45392
2493,12697
611,8470
1022,27011
380,5833
104673,27015
2275,12697
101675,50594
101929,44659
102273,45392
1949,44659
2405,51433
101681,54555
101417,60746
101450,60746
2577,27011
101711,12532
374,48797
1779,7245
2235,63301
101950,5833
102365,8369
2407,22159
871,27934
500,48797
101946,5833
102267,45392
2537,22159
101604,50594
104090,31607
1564,25462
101409,60746
104377,59525
197,44476
1393,44659
882,55586
2579,20231
102390,37104
1732,48797
1306,57749
102064,5799
101406,60746
102844,20976
779,63301
2408,22159
101947,5833
1105,12697
1337,58672
1229,54555
2658,60746
103892,60746
104644,48797
430,48797
1084,44659
2492,25462
153,5799
2562,63301
1668,48797
140,58672
2528,2836
2090,7245
1895,51433
104086,31607
1247,61501
102112,8470
936,12697
101915,44659
2360,63301
1165,51433
2246,48797
102291,45392
1319,44659
728,51433
2659,25462
1968,51433
104853,37570
1575,27934
102075,5799
1848,63301
2514,12697
2512,12697
101739,52180
567,63301
101877,44476
101731,52180
1587,12697
1346,51433
1375,22159
102173,8470
104688,16973
102363,8369
2280,48345
1886,63301
2164,57650
101934,44659
2510,44659
2382,63301
102332,25462
101873,44476
1901,28868
103634,53263
151,44476
2502,57650
101488,60746
2014,63301
1978,63301
2503,63301
1763,63301
1969,8470
389,63301
2356,48797
2122,48797
2026,12532
104672,27015
104117,28868
101387,60746
184,58672
2008,7245
2261,63301
101703,12532
330,12697
101464,60746
1450,48345
102302,45392
102833,20976
80,64686
101447,60746
101838,48345
103615,62987
2421,51433
102344,25462
102169,8470
520,57650
101885,44476
2509,51433
2123,48797
101960,5833
102840,20976
2700,62757
2684,51433
1007,63301
2410,62757
101667,50594
102045,5799
102183,8470
102326,33909
1200,26692
774,43580
201,57650
1291,20231
923,7245
2664,5833
1485,27011
899,27011
861,27011
2542,36615
1227,27011
2146,27011
1475,27011
118,27011
1336,27011
255,27011
1827,27011
1144,27011
2653,45392
1120,54555
2667,28868
1534,55586
2237,27011
1205,27011
239,27011
104378,59525
2552,27011
2069,27011
2501,27011
753,61501
2739,44476
889,27011
1014,27011
103626,53263
957,27011
2210,27011
2636,27011
1550,27011
1991,48797
1899,28868
2590,33312
1686,33909
2266,48797
1499,27011
437,48797
1140,48797
1621,27011
1572,63301
101366,60746
578,51433
843,65516
102280,45392
1444,48345
1488,58672
101300,60746
2193,12697
2177,8470
102827,20976
2079,48797
401,12697
660,51433
206,48797
2065,54604
2218,22159
102181,8470
102081,5799
1494,28868
2609,45392
13,63301
104139,57992
103607,62987
661,51433
104714,5127
148,22159
253,51433
101582,50594
1045,6810
1222,22159
127,12697
103605,62987
1024,44659
640,12697
2096,12532
326,62171
1981,48797
2032,12697
2565,48345
211,64267
1562,51433
545,7245
6,7245
1567,7245
101636,50594
101951,5833
649,51433
2416,48797
756,63301
2769,12697
102125,8470
2760,12697
104121,28868
2589,12697
2185,52180
1374,25719
946,12697
102084,5799
101461,60746
101964,5833
101969,51433
633,12347
2442,45392
2259,63301
101327,60746
1090,43580
1721,52180
625,63301
101360,60746
952,45392
2083,48797
101482,60746
104623,48797
101428,60746
2633,37570
335,28868
101297,60746
101616,50594
1405,48345
595,22159
2057,44476
993,48797
293,63301
2666,58672
1111,51433
104640,48797
2499,48142
1568,55586
102118,8470
2656,45392
1574,12697
1300,58672
599,51433
133,8470
102163,8470
1175,52180
2581,58672
914,63301
101589,50594
562,7245
780,63301
2216,63301
102061,5799
994,54555
102028,5799
2024,48142
101797,63301
101966,5833
101376,60746
102176,8470
1561,44476
2460,63301
104092,31607
102140,8470
104091,31607
1167,57749
2714,51433
2420,45392
101963,5833
1102,63301
898,8470
101513,60746
77,44659
2615,51433
2401,63301
672,51433
226,44659
1218,25462
2101,48797
2712,44659
102142,8470
1309,12697
501,45392
1304,45392
1924,58672
2324,51433
102124,8470
101348,60746
664,8470
1765,51433
2415,12532
101649,50594
1502,63301
104119,43580
1426,12532
102397,37829
101389,60746
1184,44659
1016,51433
1931,48345
102120,8470
101693,57749
1891,64686
101744,63301
2062,39585
102262,22159
101372,60746
312,44659
102042,5799
102830,20976
452,8470
104111,43580
101957,5833
101408,60746
1112,54555
2592,62757
101358,60746
101729,25719
917,63301
826,48797
100045,60633
1149,43580
101403,60746
101587,50594
101784,63301
102030,5799
791,51433
356,63301
101334,60746
1581,57749
476,27934
101924,44659
101448,60746
466,48345
519,57650
101869,44476
2459,53263
262,7245
1478,62987
1884,63301
101503,60746
101315,60746
1441,22159
2597,51433
101831,48345
101820,48345
608,5799
883,8470
337,48797
2559,44659
102303,45392
340,33909
1584,27011
101958,5833
388,63301
102052,5799
101741,63301
2461,57650
101278,60746
1381,37829
101431,60746
1601,51433
2039,48797
101967,5833
465,44659
100574,59122
1504,8470
2201,51433
1990,27011
784,27011
1545,27011
2141,27011
1846,12697
1633,27011
1984,54555
240,55586
2239,27011
102369,27011
174,27011
1242,27011
1780,27011
101908,44659
914,27011
642,27011
101817,48345
1644,25462
2720,27011
1203,27011
202,25462
1433,27011
918,6810
1862,27011
890,27011
1944,27011
2165,28868
2522,27011
102083,5799
102156,8470
171,12532
102086,5799
1897,63301
101357,60746
101854,44476
355,63301
1394,63301
101343,60746
2085,12697
1317,48345
1733,37829
100082,54604
2388,62757
704,8470
471,48345
1018,20231
266,28868
102038,5799
2224,28868
423,31498
102031,5799
103606,62987
648,51433
841,64267
101579,50594
102050,5799
973,44659
2277,51433
101323,60746
101404,60746
100046,21074
414,8470
104078,43580
2107,63301
2254,5799
100607,51926
1920,50594
433,48797
2449,48797
968,27934
104629,48797
1270,12697
101305,60746
1333,63301
2214,63301
334,43580
2310,7245
102015,5799
949,37104
2540,58672
543,48797
2178,48797
101344,60746
1799,44659
102007,57650
101429,60746
2448,48797
101704,12532
589,51433
2691,64686
101631,50594
101846,62171
2166,55586
1785,44659
1001,4621
101427,60746
101520,60746
103616,62987
2204,22159
104660,27015
442,7245
2383,48345
849,12697
2194,44659
1616,16973
2244,45392
103612,62987
103000,21732
101700,12532
984,58672
1053,51433
459,48797
2434,12532
101800,48345
101500,60746
2640,48797
790,63301
1031,51433
102309,45392
2152,57650
101768,63301
102231,22159
2447,44659
102065,5799
101399,60746
1397,44659
699,59864
1163,45392
101610,50594
101391,60746
102999,21732
101455,60746
327,44659
2142,57650
2173,6810
1694,48797
101332,60746
1189,64686
101386,60746
101707,12532
101888,44476
101351,60746
464,28627
102134,8470
101494,60746
1807,54555
963,51433
2583,48797
1518,28832
102313,45392
808,62757
1088,62757
2099,63301
102398,37829
722,48345
101965,5833
101370,60746
102245,22159
1150,63301
2632,37104
101480,60746
1907,51433
2000,48797
1404,12697
1234,21074
1006,63301
101886,44476
1154,7245
102221,22159
101453,60746
393,63301
1214,51433
979,51433
102170,8470
1761,63301
104663,27015
102301,45392
2398,48797
807,44476
192,58746
1643,65516
101595,50594
101377,60746
1605,62987
102224,22159
101353,60746
208,48797
477,63301
878,48797
2184,48797
2567,12697
538,45392
1664,63301
101446,60746
874,12697
1465,57749
1681,62171
1288,58672
1367,57650
339,33909
102204,22159
101923,44659
618,25462
102175,8470
1554,44659
101705,12532
101757,63301
1182,47193
1314,45392
102266,45392
100612,48702
101832,48345
101346,60746
2168,48797
2392,45392
951,57749
1787,45392
102085,5799
101310,60746
2150,62757
101473,60746
101674,50594
2601,12697
815,23293
1841,51433
1887,45392
2472,33909
104081,43580
2182,46772
1695,63301
2703,63301
1602,61501
1965,51433
102276,45392
690,8470
2273,27011
792,27011
2585,27011
1793,48797
2610,27011
1116,27011
39,63301
1429,27011
2336,27011
846,27011
419,25462
1434,17500
2143,27011
565,27011
541,48797
2634,27011
1168,27011
101613,50594
101593,50594
488,27011
2002,27011
1833,27011
2654,48797
101402,60746
1238,63301
101369,60746
101381,60746
1190,44476
2660,51433
101415,60746
2001,48797
101802,48345
101267,60746
819,23293
102046,5799
102168,8470
1902,12697
1121,48345
384,63301
1418,7245
101424,60746
549,26692
901,63301
104642,48797
0,8470
104637,48797
104145,57992
1055,44659
102161,8470
1124,48797
1369,48797
2035,48797
104069,43580
840,25462
102087,5799
2419,45392
1911,48797
101586,50594
1254,63301
451,48797
1279,51433
1740,5799
101272,60746
101856,44476
2763,7245
1597,12697
1356,28868
102099,8470
102385,37104
1458,44659
102300,45392
1548,48345
1273,51433
101910,44659
2758,7245
981,12697
1629,57650
1783,51433
2308,7245
1539,54555
1777,12697
1660,58672
102247,22159
691,48797
838,26692
103624,62987
1259,8470
102238,22159
787,7245
1347,48797
102076,5799
101502,60746
113,44659
1939,36436
101715,61501
102216,22159
101818,48345
104686,16973
377,48797
925,57749
2471,63301
101928,44659
2635,27011
1852,63301
102158,8470
848,8470
1781,12697
101588,50594
101743,63301
395,63301
2343,51433
2162,62987
101742,63301
1101,12697
941,25462
101294,60746
205,37829
101827,48345
1614,63301
2072,45392
101765,63301
2048,33909
885,58672
101753,63301
1925,48797
1769,48797
101504,60746
1285,33312
2598,44476
101511,60746
250,50594
1155,48345
101747,63301
101709,12532
1736,44659
101843,33312
1985,58672
101304,60746
2138,45392
104796,65516
307,8470
2276,51433
101941,5833
101713,12532
1639,44659
1427,48797
103625,62987
2234,63301
101444,60746
2236,58672
101807,48345
1792,8470
101477,60746
1648,45392
101930,44659
101635,50594
1286,63301
170,12532
1289,25462
1212,28832
1421,5833
1797,22159
102010,57650
1473,48797
101329,60746
102145,8470
1188,48797
100040,6810
102220,22159
682,12697
25,44659
1351,44659
102051,5799
738,48345
2483,51433
1819,44476
101452,60746
101311,60746
102217,22159
101653,50594
101301,60746
101945,5833
103603,62987
1624,48797
102022,5799
101368,60746
102386,37104
103379,58672
2055,51433
101364,60746
101913,44659
104626,48797
101779,63301
754,57749
2536,5799
2486,22159
1206,12532
101634,50594
101378,60746
720,63301
1557,6810
102347,25462
1722,51433
1608,62987
1872,63301
45,25462
101521,60746
1139,63301
101795,63301
1216,64686
1909,33312
101487,60746
1457,48345
101416,60746
101895,44476
101995,28832
2284,63408
2223,44476
1103,63301
104778,65516
1877,57749
101719,7245
397,63301
102832,20976
2207,44659
101687,20231
102094,5799
2678,62757
1213,44476
2256,63301
102188,62757
439,7245
2572,65516
806,51433
1373,44659
65,63301
101459,60746
1689,48797
1764,63301
102843,20976
1312,63301
412,51433
724,12697
2021,6810
104620,48797
102207,22159
1697,27011
1569,8470
102259,22159
101904,44476
1137,27011
601,27011
2267,27011
1868,27011
1487,27011
2437,27011
2549,27011
887,27011
823,27011
102837,20976
102307,45392
2561,27011
739,27011
939,27011
1468,51433
1183,27011
1832,27011
104084,43580
2596,48345
2541,27011
966,27011
998,27011
1693,48797
2088,12697
2189,58672
101291,60746
101673,50594
387,63301
101683,27934
1671,62171
101491,60746
101514,60746
102005,57650
2462,44659
2375,58672
102020,5799
888,27011
1151,63301
2456,8470
1075,63301
2669,12697
101652,50594
104679,27015
453,12697
385,63301
1755,61501
1196,55586
391,63301
116,63301
1264,48797
1078,63301
2286,7245
102047,5799
102109,8470
101647,50594
1788,48797
1490,62757
101460,60746
2230,59525
1147,48797
2149,62757
687,7245
102325,33909
1927,44659
1036,51433
428,45392
101650,50594
1521,51433
1442,51433
101325,60746